timestamp_ns,module,scope,kind,value
2509171186128333,SystemManagerTick,ExecuteTick,ns,4181250.000000
2509171193410958,SystemManagerTick,ExecuteTick,ns,1084.000000
2509171210173958,SystemManagerTick,ExecuteTick,ns,4245625.000000
2509171216842958,SystemManagerTick,ExecuteTick,ns,959.000000
2509171233554583,SystemManagerTick,ExecuteTick,ns,4205041.000000
2509171240805333,SystemManagerTick,ExecuteTick,ns,958.000000
2509171256906375,SystemManagerTick,ExecuteTick,ns,3594875.000000
2509171264239666,SystemManagerTick,ExecuteTick,ns,1208.000000
2509171280352000,SystemManagerTick,ExecuteTick,ns,3604000.000000
2509171287075166,SystemManagerTick,ExecuteTick,ns,1417.000000
2509171303748083,SystemManagerTick,ExecuteTick,ns,4169667.000000
2509171311046666,SystemManagerTick,ExecuteTick,ns,1334.000000
2509171325491791,SystemManagerTick,ExecuteTick,ns,3641750.000000
2509171333460833,SystemManagerTick,ExecuteTick,ns,1500.000000
2509171350278875,SystemManagerTick,ExecuteTick,ns,4312208.000000
2509171357396375,SystemManagerTick,ExecuteTick,ns,1583.000000
2509171373792666,SystemManagerTick,ExecuteTick,ns,3890791.000000
2509171381437708,SystemManagerTick,ExecuteTick,ns,959.000000
2509171397927166,SystemManagerTick,ExecuteTick,ns,3983166.000000
2509171405465791,SystemManagerTick,ExecuteTick,ns,1333.000000
2509171420370791,SystemManagerTick,ExecuteTick,ns,4530084.000000
2509171426074708,SystemManagerTick,ExecuteTick,ns,2708.000000
2509171442236625,SystemManagerTick,ExecuteTick,ns,3642500.000000
2509171450202458,SystemManagerTick,ExecuteTick,ns,1792.000000
2509171466950500,SystemManagerTick,ExecuteTick,ns,4217709.000000
2509171474205208,SystemManagerTick,ExecuteTick,ns,1833.000000
2509171489304208,SystemManagerTick,ExecuteTick,ns,3651708.000000
2509171496069208,SystemManagerTick,ExecuteTick,ns,1125.000000
2509171511764791,SystemManagerTick,ExecuteTick,ns,4009875.000000
2509171517794833,SystemManagerTick,ExecuteTick,ns,1083.000000
2509171532125875,SystemManagerTick,ExecuteTick,ns,3646042.000000
2509171540092083,SystemManagerTick,ExecuteTick,ns,4084.000000
2509171556834750,SystemManagerTick,ExecuteTick,ns,4237750.000000
2509171563111625,SystemManagerTick,ExecuteTick,ns,958.000000
2509171579865708,SystemManagerTick,ExecuteTick,ns,4249333.000000
2509171587063166,SystemManagerTick,ExecuteTick,ns,2000.000000
2509171601968791,SystemManagerTick,ExecuteTick,ns,4217625.000000
2509171607828333,SystemManagerTick,ExecuteTick,ns,1208.000000
2509171623952583,SystemManagerTick,ExecuteTick,ns,3609875.000000
2509171631951291,SystemManagerTick,ExecuteTick,ns,1292.000000
2509171648046333,SystemManagerTick,ExecuteTick,ns,3586833.000000
2509171655344125,SystemManagerTick,ExecuteTick,ns,1125.000000
2509171670614791,SystemManagerTick,ExecuteTick,ns,4140750.000000
2509171677947000,SystemManagerTick,ExecuteTick,ns,1250.000000
2509171694829083,SystemManagerTick,ExecuteTick,ns,4502416.000000
2509171701708083,SystemManagerTick,ExecuteTick,ns,1000.000000
2509171717307541,SystemManagerTick,ExecuteTick,ns,4554000.000000
2509171724137208,SystemManagerTick,ExecuteTick,ns,1959.000000
2509171739751583,SystemManagerTick,ExecuteTick,ns,4599375.000000
2509171746510833,SystemManagerTick,ExecuteTick,ns,1375.000000
2509171763002791,SystemManagerTick,ExecuteTick,ns,3982041.000000
2509171770532208,SystemManagerTick,ExecuteTick,ns,1000.000000
2509171787427833,SystemManagerTick,ExecuteTick,ns,4388334.000000
2509171794449625,SystemManagerTick,ExecuteTick,ns,708.000000
2509171810790500,SystemManagerTick,ExecuteTick,ns,3831000.000000
2509171818509750,SystemManagerTick,ExecuteTick,ns,708.000000
2509171835390625,SystemManagerTick,ExecuteTick,ns,4371625.000000
2509171841701250,SystemManagerTick,ExecuteTick,ns,958.000000
2509171858270458,SystemManagerTick,ExecuteTick,ns,4061792.000000
2509171865705166,SystemManagerTick,ExecuteTick,ns,1334.000000
2509171882488375,SystemManagerTick,ExecuteTick,ns,4598709.000000
2509171889259000,SystemManagerTick,ExecuteTick,ns,1334.000000
2509171906415250,SystemManagerTick,ExecuteTick,ns,4650708.000000
2509171913130708,SystemManagerTick,ExecuteTick,ns,1625.000000
2509171929944208,SystemManagerTick,ExecuteTick,ns,4308584.000000
2509171937084250,SystemManagerTick,ExecuteTick,ns,1542.000000
2509171953699208,SystemManagerTick,ExecuteTick,ns,4159875.000000
2509171961005833,SystemManagerTick,ExecuteTick,ns,1000.000000
2509171975387666,SystemManagerTick,ExecuteTick,ns,4231417.000000
2509171982619458,SystemManagerTick,ExecuteTick,ns,1667.000000
2509171999361333,SystemManagerTick,ExecuteTick,ns,4237375.000000
2509172006585208,SystemManagerTick,ExecuteTick,ns,1583.000000
2509172022063375,SystemManagerTick,ExecuteTick,ns,3582792.000000
2509172028558541,SystemManagerTick,ExecuteTick,ns,1125.000000
2509172043751833,SystemManagerTick,ExecuteTick,ns,4209166.000000
2509172049803208,SystemManagerTick,ExecuteTick,ns,834.000000
2509172065554125,SystemManagerTick,ExecuteTick,ns,3750042.000000
2509172073378333,SystemManagerTick,ExecuteTick,ns,1125.000000
2509172090027875,SystemManagerTick,ExecuteTick,ns,4144125.000000
2509172097356916,SystemManagerTick,ExecuteTick,ns,1209.000000
2509172113464833,SystemManagerTick,ExecuteTick,ns,3598958.000000
2509172121476041,SystemManagerTick,ExecuteTick,ns,1667.000000
2509172138350125,SystemManagerTick,ExecuteTick,ns,4370083.000000
2509172145402041,SystemManagerTick,ExecuteTick,ns,833.000000
2509172160170541,SystemManagerTick,ExecuteTick,ns,4187250.000000
2509172167425208,SystemManagerTick,ExecuteTick,ns,916.000000
2509172183982958,SystemManagerTick,ExecuteTick,ns,4590625.000000
2509172190771083,SystemManagerTick,ExecuteTick,ns,1500.000000
2509172207449416,SystemManagerTick,ExecuteTick,ns,4173917.000000
2509172214744708,SystemManagerTick,ExecuteTick,ns,1000.000000
2509172231468041,SystemManagerTick,ExecuteTick,ns,4217292.000000
2509172238719958,SystemManagerTick,ExecuteTick,ns,3750.000000
2509172255028291,SystemManagerTick,ExecuteTick,ns,4223667.000000
2509172262272541,SystemManagerTick,ExecuteTick,ns,1292.000000
2509172276331541,SystemManagerTick,ExecuteTick,ns,3672375.000000
2509172284247666,SystemManagerTick,ExecuteTick,ns,1125.000000
2509172300021125,SystemManagerTick,ExecuteTick,ns,4429750.000000
2509172307005375,SystemManagerTick,ExecuteTick,ns,1417.000000
2509172321441375,SystemManagerTick,ExecuteTick,ns,3979875.000000
2509172327488291,SystemManagerTick,ExecuteTick,ns,1208.000000
2509172343450041,SystemManagerTick,ExecuteTick,ns,3613875.000000
2509172351440166,SystemManagerTick,ExecuteTick,ns,875.000000
2509172366539833,SystemManagerTick,ExecuteTick,ns,4545250.000000
2509172373384875,SystemManagerTick,ExecuteTick,ns,3792.000000
2509172388523541,SystemManagerTick,ExecuteTick,ns,4065458.000000
2509172395141583,SystemManagerTick,ExecuteTick,ns,917.000000
2509172409312041,SystemManagerTick,ExecuteTick,ns,3733667.000000
2509172417166166,SystemManagerTick,ExecuteTick,ns,1125.000000
2509172433225833,SystemManagerTick,ExecuteTick,ns,3833625.000000
2509172440954250,SystemManagerTick,ExecuteTick,ns,2375.000000
2509172457140666,SystemManagerTick,ExecuteTick,ns,3678666.000000
2509172465050916,SystemManagerTick,ExecuteTick,ns,1625.000000
2509172481781500,SystemManagerTick,ExecuteTick,ns,4212917.000000
2509172489026000,SystemManagerTick,ExecuteTick,ns,1208.000000
2509172504044000,SystemManagerTick,ExecuteTick,ns,4172875.000000
2509172511339000,SystemManagerTick,ExecuteTick,ns,1083.000000
2509172528086208,SystemManagerTick,ExecuteTick,ns,4241542.000000
2509172534707166,SystemManagerTick,ExecuteTick,ns,1209.000000
2509172550132416,SystemManagerTick,ExecuteTick,ns,4052958.000000
2509172557574125,SystemManagerTick,ExecuteTick,ns,1000.000000
2509172574343916,SystemManagerTick,ExecuteTick,ns,4263375.000000
2509172581538833,SystemManagerTick,ExecuteTick,ns,1500.000000
2509172597828875,SystemManagerTick,ExecuteTick,ns,3783416.000000
2509172605620875,SystemManagerTick,ExecuteTick,ns,1583.000000
2509172622358916,SystemManagerTick,ExecuteTick,ns,4232916.000000
2509172628470250,SystemManagerTick,ExecuteTick,ns,1000.000000
2509172643814250,SystemManagerTick,ExecuteTick,ns,4227375.000000
2509172649814416,SystemManagerTick,ExecuteTick,ns,1042.000000
2509172666259625,SystemManagerTick,ExecuteTick,ns,4430792.000000
2509172672178791,SystemManagerTick,ExecuteTick,ns,1417.000000
2509172687307666,SystemManagerTick,ExecuteTick,ns,4170166.000000
2509172694605416,SystemManagerTick,ExecuteTick,ns,959.000000
2509172710215625,SystemManagerTick,ExecuteTick,ns,3796708.000000
2509172716473041,SystemManagerTick,ExecuteTick,ns,917.000000
2509172733010583,SystemManagerTick,ExecuteTick,ns,4538708.000000
2509172739845875,SystemManagerTick,ExecuteTick,ns,1834.000000
2509172756838708,SystemManagerTick,ExecuteTick,ns,4488583.000000
2509172763751000,SystemManagerTick,ExecuteTick,ns,4709.000000
2509172780180291,SystemManagerTick,ExecuteTick,ns,3928625.000000
2509172787799625,SystemManagerTick,ExecuteTick,ns,2584.000000
2509172804789500,SystemManagerTick,ExecuteTick,ns,4479042.000000
2509172811699958,SystemManagerTick,ExecuteTick,ns,1292.000000
2509172827456375,SystemManagerTick,ExecuteTick,ns,3914292.000000
2509172835084250,SystemManagerTick,ExecuteTick,ns,1417.000000
2509172849604416,SystemManagerTick,ExecuteTick,ns,4430625.000000
2509172856573708,SystemManagerTick,ExecuteTick,ns,1459.000000
2509172873010041,SystemManagerTick,ExecuteTick,ns,3930292.000000
2509172880088833,SystemManagerTick,ExecuteTick,ns,2042.000000
2509172894941166,SystemManagerTick,ExecuteTick,ns,4236916.000000
2509172902159375,SystemManagerTick,ExecuteTick,ns,1792.000000
2509172918552541,SystemManagerTick,ExecuteTick,ns,3884250.000000
2509172926207250,SystemManagerTick,ExecuteTick,ns,3583.000000
2509172942318875,SystemManagerTick,ExecuteTick,ns,4541917.000000
2509172949154041,SystemManagerTick,ExecuteTick,ns,875.000000
2509172966253458,SystemManagerTick,ExecuteTick,ns,4589750.000000
2509172973037750,SystemManagerTick,ExecuteTick,ns,1500.000000
2509172989194333,SystemManagerTick,ExecuteTick,ns,4006708.000000
2509172996706833,SystemManagerTick,ExecuteTick,ns,1417.000000
2509173012441291,SystemManagerTick,ExecuteTick,ns,4587459.000000
2509173019227875,SystemManagerTick,ExecuteTick,ns,1500.000000
2509173036032875,SystemManagerTick,ExecuteTick,ns,4331417.000000
2509173042743583,SystemManagerTick,ExecuteTick,ns,3208.000000
2509173059041250,SystemManagerTick,ExecuteTick,ns,3794208.000000
2509173066524958,SystemManagerTick,ExecuteTick,ns,1334.000000
2509173083565958,SystemManagerTick,ExecuteTick,ns,4528666.000000
2509173090416500,SystemManagerTick,ExecuteTick,ns,1917.000000
2509173106895416,SystemManagerTick,ExecuteTick,ns,3975167.000000
2509173114442333,SystemManagerTick,ExecuteTick,ns,1250.000000
2509173129499583,SystemManagerTick,ExecuteTick,ns,4149208.000000
2509173136823583,SystemManagerTick,ExecuteTick,ns,3334.000000
2509173151201708,SystemManagerTick,ExecuteTick,ns,3581750.000000
2509173159237083,SystemManagerTick,ExecuteTick,ns,917.000000
2509173176267791,SystemManagerTick,ExecuteTick,ns,4525667.000000
2509173183120833,SystemManagerTick,ExecuteTick,ns,1250.000000
2509173197943875,SystemManagerTick,ExecuteTick,ns,4504833.000000
2509173203519000,SystemManagerTick,ExecuteTick,ns,1292.000000
2509173217876333,SystemManagerTick,ExecuteTick,ns,4289459.000000
2509173225021333,SystemManagerTick,ExecuteTick,ns,1042.000000
2509173242025833,SystemManagerTick,ExecuteTick,ns,4498708.000000
2509173248909166,SystemManagerTick,ExecuteTick,ns,1250.000000
2509173265397333,SystemManagerTick,ExecuteTick,ns,3984000.000000
2509173272938458,SystemManagerTick,ExecuteTick,ns,1416.000000
2509173289456291,SystemManagerTick,ExecuteTick,ns,4012583.000000
2509173296967583,SystemManagerTick,ExecuteTick,ns,2125.000000
2509173313705000,SystemManagerTick,ExecuteTick,ns,4232792.000000
2509173320934458,SystemManagerTick,ExecuteTick,ns,2083.000000
2509173337587250,SystemManagerTick,ExecuteTick,ns,4149584.000000
2509173344908125,SystemManagerTick,ExecuteTick,ns,1292.000000
2509173360958291,SystemManagerTick,ExecuteTick,ns,4172833.000000
2509173368251875,SystemManagerTick,ExecuteTick,ns,958.000000
2509173382729750,SystemManagerTick,ExecuteTick,ns,4223083.000000
2509173389988708,SystemManagerTick,ExecuteTick,ns,2000.000000
2509173404685583,SystemManagerTick,ExecuteTick,ns,4326250.000000
2509173411793250,SystemManagerTick,ExecuteTick,ns,1458.000000
2509173426196208,SystemManagerTick,ExecuteTick,ns,3596875.000000
2509173434204833,SystemManagerTick,ExecuteTick,ns,875.000000
2509173449702000,SystemManagerTick,ExecuteTick,ns,3591292.000000
2509173457723541,SystemManagerTick,ExecuteTick,ns,1458.000000
2509173473057250,SystemManagerTick,ExecuteTick,ns,4438584.000000
2509173479450541,SystemManagerTick,ExecuteTick,ns,2583.000000
2509173494045875,SystemManagerTick,ExecuteTick,ns,3656291.000000
2509173501998208,SystemManagerTick,ExecuteTick,ns,2083.000000
2509173517072250,SystemManagerTick,ExecuteTick,ns,4197416.000000
2509173523156250,SystemManagerTick,ExecuteTick,ns,1333.000000
2509173539088708,SystemManagerTick,ExecuteTick,ns,3696625.000000
2509173546989250,SystemManagerTick,ExecuteTick,ns,1250.000000
2509173561841875,SystemManagerTick,ExecuteTick,ns,3838166.000000
2509173569552125,SystemManagerTick,ExecuteTick,ns,1250.000000
2509173584922750,SystemManagerTick,ExecuteTick,ns,3599792.000000
2509173592820250,SystemManagerTick,ExecuteTick,ns,1042.000000
2509173609190458,SystemManagerTick,ExecuteTick,ns,3866000.000000
2509173616866125,SystemManagerTick,ExecuteTick,ns,1584.000000
2509173633912083,SystemManagerTick,ExecuteTick,ns,4531875.000000
2509173639739458,SystemManagerTick,ExecuteTick,ns,1708.000000
2509173656249916,SystemManagerTick,ExecuteTick,ns,4005875.000000
2509173663752541,SystemManagerTick,ExecuteTick,ns,1042.000000
2509173680890125,SystemManagerTick,ExecuteTick,ns,4632625.000000
2509173687624083,SystemManagerTick,ExecuteTick,ns,1584.000000
2509173703793208,SystemManagerTick,ExecuteTick,ns,3947791.000000
2509173711367875,SystemManagerTick,ExecuteTick,ns,1000.000000
2509173726696166,SystemManagerTick,ExecuteTick,ns,4623083.000000
2509173733170291,SystemManagerTick,ExecuteTick,ns,1375.000000
2509173749160041,SystemManagerTick,ExecuteTick,ns,3991500.000000
2509173756692333,SystemManagerTick,ExecuteTick,ns,1500.000000
2509173773182541,SystemManagerTick,ExecuteTick,ns,3984167.000000
2509173780718916,SystemManagerTick,ExecuteTick,ns,1708.000000
2509173797427041,SystemManagerTick,ExecuteTick,ns,4200083.000000
2509173804686250,SystemManagerTick,ExecuteTick,ns,1708.000000
2509173820787416,SystemManagerTick,ExecuteTick,ns,3591458.000000
2509173828805791,SystemManagerTick,ExecuteTick,ns,2250.000000
2509173844103958,SystemManagerTick,ExecuteTick,ns,4177625.000000
2509173851395333,SystemManagerTick,ExecuteTick,ns,1958.000000
2509173866926083,SystemManagerTick,ExecuteTick,ns,4169083.000000
2509173874234958,SystemManagerTick,ExecuteTick,ns,1750.000000
2509173889576958,SystemManagerTick,ExecuteTick,ns,4218583.000000
2509173896810875,SystemManagerTick,ExecuteTick,ns,1625.000000
2509173913526166,SystemManagerTick,ExecuteTick,ns,4208167.000000
2509173920776333,SystemManagerTick,ExecuteTick,ns,2291.000000
2509173937416875,SystemManagerTick,ExecuteTick,ns,4136791.000000
2509173944644416,SystemManagerTick,ExecuteTick,ns,1375.000000
2509173960701041,SystemManagerTick,ExecuteTick,ns,4137875.000000
2509173967941625,SystemManagerTick,ExecuteTick,ns,1209.000000
2509173983656083,SystemManagerTick,ExecuteTick,ns,4223667.000000
2509173990887375,SystemManagerTick,ExecuteTick,ns,1792.000000
2509174007424625,SystemManagerTick,ExecuteTick,ns,4033750.000000
2509174014369833,SystemManagerTick,ExecuteTick,ns,1792.000000
2509174031127250,SystemManagerTick,ExecuteTick,ns,4251000.000000
2509174038342250,SystemManagerTick,ExecuteTick,ns,1583.000000
2509174053412125,SystemManagerTick,ExecuteTick,ns,3574542.000000
2509174061451000,SystemManagerTick,ExecuteTick,ns,1209.000000
2509174078099458,SystemManagerTick,ExecuteTick,ns,4143584.000000
2509174085431250,SystemManagerTick,ExecuteTick,ns,2458.000000
2509174101691208,SystemManagerTick,ExecuteTick,ns,4141417.000000
2509174108662458,SystemManagerTick,ExecuteTick,ns,1584.000000
2509174124684791,SystemManagerTick,ExecuteTick,ns,3664958.000000
2509174132621208,SystemManagerTick,ExecuteTick,ns,1833.000000
2509174148233750,SystemManagerTick,ExecuteTick,ns,4238959.000000
2509174155452041,SystemManagerTick,ExecuteTick,ns,1417.000000
2509174171606041,SystemManagerTick,ExecuteTick,ns,3648917.000000
2509174179573083,SystemManagerTick,ExecuteTick,ns,4042.000000
2509174194693208,SystemManagerTick,ExecuteTick,ns,3613084.000000
2509174201158625,SystemManagerTick,ExecuteTick,ns,750.000000
2509174217486375,SystemManagerTick,ExecuteTick,ns,3853500.000000
2509174225194583,SystemManagerTick,ExecuteTick,ns,4667.000000
2509174242292708,SystemManagerTick,ExecuteTick,ns,4590375.000000
2509174249074625,SystemManagerTick,ExecuteTick,ns,1375.000000
2509174265964208,SystemManagerTick,ExecuteTick,ns,4383584.000000
2509174273003416,SystemManagerTick,ExecuteTick,ns,1958.000000
2509174287917541,SystemManagerTick,ExecuteTick,ns,4193208.000000
2509174295183250,SystemManagerTick,ExecuteTick,ns,1125.000000
2509174311034625,SystemManagerTick,ExecuteTick,ns,4216375.000000
2509174318273791,SystemManagerTick,ExecuteTick,ns,917.000000
2509174334352583,SystemManagerTick,ExecuteTick,ns,3569167.000000
2509174342398125,SystemManagerTick,ExecuteTick,ns,1083.000000
2509174359290916,SystemManagerTick,ExecuteTick,ns,4386167.000000
2509174366318041,SystemManagerTick,ExecuteTick,ns,1333.000000
2509174383194416,SystemManagerTick,ExecuteTick,ns,4362917.000000
2509174390258166,SystemManagerTick,ExecuteTick,ns,2084.000000
2509174406634750,SystemManagerTick,ExecuteTick,ns,3872750.000000
2509174414312000,SystemManagerTick,ExecuteTick,ns,1334.000000
2509174430795583,SystemManagerTick,ExecuteTick,ns,3975750.000000
2509174437854875,SystemManagerTick,ExecuteTick,ns,1625.000000
2509174454280458,SystemManagerTick,ExecuteTick,ns,3918750.000000
2509174461902375,SystemManagerTick,ExecuteTick,ns,1333.000000
2509174478233500,SystemManagerTick,ExecuteTick,ns,3823000.000000
2509174485964791,SystemManagerTick,ExecuteTick,ns,1250.000000
2509174502831166,SystemManagerTick,ExecuteTick,ns,4358167.000000
2509174509893083,SystemManagerTick,ExecuteTick,ns,1959.000000
2509174526633250,SystemManagerTick,ExecuteTick,ns,4233917.000000
2509174533858666,SystemManagerTick,ExecuteTick,ns,1541.000000
2509174549941333,SystemManagerTick,ExecuteTick,ns,3569833.000000
2509174557987291,SystemManagerTick,ExecuteTick,ns,1583.000000
2509174574736958,SystemManagerTick,ExecuteTick,ns,4238666.000000
2509174581960291,SystemManagerTick,ExecuteTick,ns,1542.000000
2509174598700041,SystemManagerTick,ExecuteTick,ns,4233917.000000
2509174605935333,SystemManagerTick,ExecuteTick,ns,2083.000000
2509174622129541,SystemManagerTick,ExecuteTick,ns,3689917.000000
2509174628513125,SystemManagerTick,ExecuteTick,ns,1042.000000
2509174643025500,SystemManagerTick,ExecuteTick,ns,3634000.000000
2509174650990958,SystemManagerTick,ExecuteTick,ns,1250.000000
2509174667090500,SystemManagerTick,ExecuteTick,ns,3593042.000000
2509174673666833,SystemManagerTick,ExecuteTick,ns,958.000000
2509174690667041,SystemManagerTick,ExecuteTick,ns,4630500.000000
2509174697412375,SystemManagerTick,ExecuteTick,ns,1167.000000
2509174712219125,SystemManagerTick,ExecuteTick,ns,3672708.000000
2509174720134875,SystemManagerTick,ExecuteTick,ns,1041.000000
2509174735562208,SystemManagerTick,ExecuteTick,ns,4401958.000000
2509174742567291,SystemManagerTick,ExecuteTick,ns,1083.000000
2509174758963166,SystemManagerTick,ExecuteTick,ns,4531625.000000
2509174765805791,SystemManagerTick,ExecuteTick,ns,1167.000000
2509174782320208,SystemManagerTick,ExecuteTick,ns,4005916.000000
2509174789835000,SystemManagerTick,ExecuteTick,ns,1542.000000
2509174806979416,SystemManagerTick,ExecuteTick,ns,4638625.000000
2509174813708958,SystemManagerTick,ExecuteTick,ns,4917.000000
2509174828322041,SystemManagerTick,ExecuteTick,ns,3775583.000000
2509174836126083,SystemManagerTick,ExecuteTick,ns,2125.000000
2509174852979250,SystemManagerTick,ExecuteTick,ns,4345834.000000
2509174860055875,SystemManagerTick,ExecuteTick,ns,1084.000000
2509174875052041,SystemManagerTick,ExecuteTick,ns,3865458.000000
2509174882731083,SystemManagerTick,ExecuteTick,ns,1042.000000
2509174899767125,SystemManagerTick,ExecuteTick,ns,4531208.000000
2509174905847250,SystemManagerTick,ExecuteTick,ns,1042.000000
2509174922281041,SystemManagerTick,ExecuteTick,ns,3913458.000000
2509174929780333,SystemManagerTick,ExecuteTick,ns,2167.000000
2509174946528166,SystemManagerTick,ExecuteTick,ns,4238375.000000
2509174953755458,SystemManagerTick,ExecuteTick,ns,1334.000000
2509174970073083,SystemManagerTick,ExecuteTick,ns,4067958.000000
2509174976171708,SystemManagerTick,ExecuteTick,ns,1041.000000
2509174989804666,SystemManagerTick,ExecuteTick,ns,3586417.000000
2509174997829125,SystemManagerTick,ExecuteTick,ns,1250.000000
2509175014416000,SystemManagerTick,ExecuteTick,ns,4080250.000000
2509175021837625,SystemManagerTick,ExecuteTick,ns,1542.000000
2509175038192250,SystemManagerTick,ExecuteTick,ns,3850458.000000
2509175045901833,SystemManagerTick,ExecuteTick,ns,1334.000000
2509175060137875,SystemManagerTick,ExecuteTick,ns,3907709.000000
2509175067760625,SystemManagerTick,ExecuteTick,ns,959.000000
2509175084680916,SystemManagerTick,ExecuteTick,ns,4413750.000000
2509175091673041,SystemManagerTick,ExecuteTick,ns,1416.000000
2509175108100916,SystemManagerTick,ExecuteTick,ns,3917542.000000
2509175115728458,SystemManagerTick,ExecuteTick,ns,1292.000000
2509175131419791,SystemManagerTick,ExecuteTick,ns,4251833.000000
2509175138622291,SystemManagerTick,ExecuteTick,ns,1458.000000
2509175155088375,SystemManagerTick,ExecuteTick,ns,3961209.000000
2509175162655875,SystemManagerTick,ExecuteTick,ns,1084.000000
2509175177692375,SystemManagerTick,ExecuteTick,ns,4373000.000000
2509175184732625,SystemManagerTick,ExecuteTick,ns,1042.000000
2509175200715166,SystemManagerTick,ExecuteTick,ns,3808375.000000
2509175208461083,SystemManagerTick,ExecuteTick,ns,1041.000000
2509175224970625,SystemManagerTick,ExecuteTick,ns,3994375.000000
2509175232504416,SystemManagerTick,ExecuteTick,ns,4291.000000
2509175248559875,SystemManagerTick,ExecuteTick,ns,4597209.000000
2509175255335125,SystemManagerTick,ExecuteTick,ns,1584.000000
2509175270047541,SystemManagerTick,ExecuteTick,ns,3817417.000000
2509175277787458,SystemManagerTick,ExecuteTick,ns,1583.000000
2509175293327375,SystemManagerTick,ExecuteTick,ns,4545375.000000
2509175299840416,SystemManagerTick,ExecuteTick,ns,1208.000000
2509175316214416,SystemManagerTick,ExecuteTick,ns,3984667.000000
2509175323751916,SystemManagerTick,ExecuteTick,ns,2000.000000
2509175340214875,SystemManagerTick,ExecuteTick,ns,3957667.000000
2509175347778375,SystemManagerTick,ExecuteTick,ns,958.000000
2509175364570791,SystemManagerTick,ExecuteTick,ns,4282916.000000
2509175371742958,SystemManagerTick,ExecuteTick,ns,1291.000000
2509175387700250,SystemManagerTick,ExecuteTick,ns,4530375.000000
2509175394547750,SystemManagerTick,ExecuteTick,ns,1500.000000
2509175410756958,SystemManagerTick,ExecuteTick,ns,4432250.000000
2509175417723000,SystemManagerTick,ExecuteTick,ns,1083.000000
2509175432351875,SystemManagerTick,ExecuteTick,ns,3834416.000000
2509175439506041,SystemManagerTick,ExecuteTick,ns,1875.000000
2509175456266916,SystemManagerTick,ExecuteTick,ns,4256708.000000
2509175463466833,SystemManagerTick,ExecuteTick,ns,1333.000000
2509175479746708,SystemManagerTick,ExecuteTick,ns,3772541.000000
2509175487555708,SystemManagerTick,ExecuteTick,ns,2500.000000
2509175502890041,SystemManagerTick,ExecuteTick,ns,4260792.000000
2509175510088125,SystemManagerTick,ExecuteTick,ns,2209.000000
2509175526248541,SystemManagerTick,ExecuteTick,ns,3647834.000000
2509175534205041,SystemManagerTick,ExecuteTick,ns,2875.000000
2509175550350583,SystemManagerTick,ExecuteTick,ns,3628750.000000
2509175558343375,SystemManagerTick,ExecuteTick,ns,8792.000000
2509175575006000,SystemManagerTick,ExecuteTick,ns,4157291.000000
2509175582320500,SystemManagerTick,ExecuteTick,ns,1709.000000
2509175599043250,SystemManagerTick,ExecuteTick,ns,4216792.000000
2509175606304583,SystemManagerTick,ExecuteTick,ns,2208.000000
2509175621267291,SystemManagerTick,ExecuteTick,ns,3601792.000000
2509175629078625,SystemManagerTick,ExecuteTick,ns,1625.000000
2509175644626750,SystemManagerTick,ExecuteTick,ns,4168667.000000
2509175651943791,SystemManagerTick,ExecuteTick,ns,2334.000000
2509175668095875,SystemManagerTick,ExecuteTick,ns,3647459.000000
2509175676044000,SystemManagerTick,ExecuteTick,ns,1333.000000
2509175692736875,SystemManagerTick,ExecuteTick,ns,4185708.000000
2509175700012250,SystemManagerTick,ExecuteTick,ns,1250.000000
2509175715983833,SystemManagerTick,ExecuteTick,ns,4147083.000000
2509175723310750,SystemManagerTick,ExecuteTick,ns,1167.000000
2509175740005791,SystemManagerTick,ExecuteTick,ns,4188000.000000
2509175747310375,SystemManagerTick,ExecuteTick,ns,1041.000000
2509175763484500,SystemManagerTick,ExecuteTick,ns,3665667.000000
2509175771437791,SystemManagerTick,ExecuteTick,ns,1500.000000
2509175786807333,SystemManagerTick,ExecuteTick,ns,4165042.000000
2509175794111291,SystemManagerTick,ExecuteTick,ns,917.000000
2509175810777458,SystemManagerTick,ExecuteTick,ns,4160625.000000
2509175818085583,SystemManagerTick,ExecuteTick,ns,917.000000
2509175834970833,SystemManagerTick,ExecuteTick,ns,4379334.000000
2509175842006500,SystemManagerTick,ExecuteTick,ns,1250.000000
2509175858509125,SystemManagerTick,ExecuteTick,ns,3992166.000000
2509175866039583,SystemManagerTick,ExecuteTick,ns,1334.000000
2509175882477416,SystemManagerTick,ExecuteTick,ns,3932917.000000
2509175890069458,SystemManagerTick,ExecuteTick,ns,1542.000000
2509175906888750,SystemManagerTick,ExecuteTick,ns,4314583.000000
2509175914015208,SystemManagerTick,ExecuteTick,ns,1375.000000
2509175930812666,SystemManagerTick,ExecuteTick,ns,4290292.000000
2509175937967250,SystemManagerTick,ExecuteTick,ns,1833.000000
2509175954537916,SystemManagerTick,ExecuteTick,ns,4050583.000000
2509175961842041,SystemManagerTick,ExecuteTick,ns,1625.000000
2509175977247333,SystemManagerTick,ExecuteTick,ns,3647417.000000
2509175985212750,SystemManagerTick,ExecuteTick,ns,2208.000000
2509176001320375,SystemManagerTick,ExecuteTick,ns,3603083.000000
2509176007921875,SystemManagerTick,ExecuteTick,ns,1459.000000
2509176024486875,SystemManagerTick,ExecuteTick,ns,4177667.000000
2509176030945458,SystemManagerTick,ExecuteTick,ns,1208.000000
2509176047045000,SystemManagerTick,ExecuteTick,ns,3578000.000000
2509176055082875,SystemManagerTick,ExecuteTick,ns,1834.000000
2509176069327375,SystemManagerTick,ExecuteTick,ns,4148541.000000
2509176076651583,SystemManagerTick,ExecuteTick,ns,959.000000
2509176091302083,SystemManagerTick,ExecuteTick,ns,3640583.000000
2509176099262208,SystemManagerTick,ExecuteTick,ns,1459.000000
2509176113674083,SystemManagerTick,ExecuteTick,ns,3653791.000000
2509176121623583,SystemManagerTick,ExecuteTick,ns,1417.000000
2509176136955666,SystemManagerTick,ExecuteTick,ns,4153958.000000
2509176142833875,SystemManagerTick,ExecuteTick,ns,1083.000000
2509176158090666,SystemManagerTick,ExecuteTick,ns,3571458.000000
2509176166137958,SystemManagerTick,ExecuteTick,ns,1167.000000
2509176182290458,SystemManagerTick,ExecuteTick,ns,4221417.000000
2509176189526791,SystemManagerTick,ExecuteTick,ns,875.000000
2509176203942875,SystemManagerTick,ExecuteTick,ns,3595375.000000
2509176211960833,SystemManagerTick,ExecuteTick,ns,2334.000000
2509176228648416,SystemManagerTick,ExecuteTick,ns,4182000.000000
2509176234601541,SystemManagerTick,ExecuteTick,ns,2000.000000
2509176250272416,SystemManagerTick,ExecuteTick,ns,4164250.000000
2509176257587083,SystemManagerTick,ExecuteTick,ns,2167.000000
2509176273780583,SystemManagerTick,ExecuteTick,ns,3686750.000000
2509176281637000,SystemManagerTick,ExecuteTick,ns,2250.000000
2509176297103375,SystemManagerTick,ExecuteTick,ns,4220500.000000
2509176304348583,SystemManagerTick,ExecuteTick,ns,2625.000000
2509176320503083,SystemManagerTick,ExecuteTick,ns,3619917.000000
2509176328487958,SystemManagerTick,ExecuteTick,ns,2333.000000
2509176345148875,SystemManagerTick,ExecuteTick,ns,4153875.000000
2509176352468000,SystemManagerTick,ExecuteTick,ns,1459.000000
2509176366381791,SystemManagerTick,ExecuteTick,ns,3608417.000000
2509176374395583,SystemManagerTick,ExecuteTick,ns,1666.000000
2509176390150291,SystemManagerTick,ExecuteTick,ns,4229291.000000
2509176397389083,SystemManagerTick,ExecuteTick,ns,1375.000000
2509176413471833,SystemManagerTick,ExecuteTick,ns,3574375.000000
2509176421520041,SystemManagerTick,ExecuteTick,ns,2333.000000
2509176438266916,SystemManagerTick,ExecuteTick,ns,4244208.000000
2509176445485041,SystemManagerTick,ExecuteTick,ns,1375.000000
2509176461522416,SystemManagerTick,ExecuteTick,ns,3609166.000000
2509176469519541,SystemManagerTick,ExecuteTick,ns,2125.000000
2509176485619333,SystemManagerTick,ExecuteTick,ns,3595958.000000
2509176493633291,SystemManagerTick,ExecuteTick,ns,1375.000000
2509176510320958,SystemManagerTick,ExecuteTick,ns,4179250.000000
2509176516502750,SystemManagerTick,ExecuteTick,ns,1125.000000
2509176532165125,SystemManagerTick,ExecuteTick,ns,3659667.000000
2509176540111708,SystemManagerTick,ExecuteTick,ns,2083.000000
2509176556893750,SystemManagerTick,ExecuteTick,ns,4268875.000000
2509176564084666,SystemManagerTick,ExecuteTick,ns,2000.000000
2509176577997666,SystemManagerTick,ExecuteTick,ns,3612666.000000
2509176585996208,SystemManagerTick,ExecuteTick,ns,1125.000000
2509176602068000,SystemManagerTick,ExecuteTick,ns,3563041.000000
2509176609511458,SystemManagerTick,ExecuteTick,ns,1333.000000
2509176623653791,SystemManagerTick,ExecuteTick,ns,4075250.000000
2509176631046416,SystemManagerTick,ExecuteTick,ns,1375.000000
2509176646193750,SystemManagerTick,ExecuteTick,ns,3617750.000000
2509176654184166,SystemManagerTick,ExecuteTick,ns,2417.000000
2509176670685000,SystemManagerTick,ExecuteTick,ns,4176916.000000
2509176676851291,SystemManagerTick,ExecuteTick,ns,1291.000000
2509176692705458,SystemManagerTick,ExecuteTick,ns,3585500.000000
2509176700732625,SystemManagerTick,ExecuteTick,ns,1500.000000
2509176717009791,SystemManagerTick,ExecuteTick,ns,4235708.000000
2509176724226958,SystemManagerTick,ExecuteTick,ns,1958.000000
2509176738583708,SystemManagerTick,ExecuteTick,ns,4218083.000000
2509176745829375,SystemManagerTick,ExecuteTick,ns,2333.000000
2509176762411916,SystemManagerTick,ExecuteTick,ns,4067834.000000
2509176769844041,SystemManagerTick,ExecuteTick,ns,2791.000000
2509176784188791,SystemManagerTick,ExecuteTick,ns,4146916.000000
2509176791528333,SystemManagerTick,ExecuteTick,ns,1917.000000
2509176806347708,SystemManagerTick,ExecuteTick,ns,4228208.000000
2509176813584583,SystemManagerTick,ExecuteTick,ns,1750.000000
2509176828213041,SystemManagerTick,ExecuteTick,ns,3600875.000000
2509176836220791,SystemManagerTick,ExecuteTick,ns,2625.000000
2509176852300500,SystemManagerTick,ExecuteTick,ns,3576083.000000
2509176860337791,SystemManagerTick,ExecuteTick,ns,1375.000000
2509176876992541,SystemManagerTick,ExecuteTick,ns,4148875.000000
2509176884313708,SystemManagerTick,ExecuteTick,ns,1459.000000
2509176900401208,SystemManagerTick,ExecuteTick,ns,3600750.000000
2509176908410500,SystemManagerTick,ExecuteTick,ns,1416.000000
2509176924590666,SystemManagerTick,ExecuteTick,ns,3670958.000000
2509176932525750,SystemManagerTick,ExecuteTick,ns,1375.000000
2509176948335583,SystemManagerTick,ExecuteTick,ns,4084958.000000
2509176955453333,SystemManagerTick,ExecuteTick,ns,1584.000000
2509176971559125,SystemManagerTick,ExecuteTick,ns,3599584.000000
2509176979571166,SystemManagerTick,ExecuteTick,ns,5125.000000
2509176995445000,SystemManagerTick,ExecuteTick,ns,4194250.000000
2509177002708958,SystemManagerTick,ExecuteTick,ns,1500.000000
2509177017931208,SystemManagerTick,ExecuteTick,ns,4031458.000000
2509177024584958,SystemManagerTick,ExecuteTick,ns,1250.000000
2509177040667708,SystemManagerTick,ExecuteTick,ns,3574625.000000
2509177048709000,SystemManagerTick,ExecuteTick,ns,1125.000000
2509177071287250,SystemManagerTick,ExecuteTick,ns,10069333.000000
2509177071289666,SystemManagerTick,ExecuteTick,ns,1583.000000
2509177097823708,SystemManagerTick,ExecuteTick,ns,13996166.000000
2509177097828875,SystemManagerTick,ExecuteTick,ns,3125.000000
2509177114680333,SystemManagerTick,ExecuteTick,ns,4780709.000000
2509177121258875,SystemManagerTick,ExecuteTick,ns,3334.000000
2509177138056666,SystemManagerTick,ExecuteTick,ns,3720000.000000
2509177145926666,SystemManagerTick,ExecuteTick,ns,1917.000000
2509177161690458,SystemManagerTick,ExecuteTick,ns,3634042.000000
2509177169667500,SystemManagerTick,ExecuteTick,ns,2292.000000
2509177185897208,SystemManagerTick,ExecuteTick,ns,3725875.000000
2509177193761000,SystemManagerTick,ExecuteTick,ns,1917.000000
2509177208683000,SystemManagerTick,ExecuteTick,ns,4163292.000000
2509177215992625,SystemManagerTick,ExecuteTick,ns,1625.000000
2509177232744666,SystemManagerTick,ExecuteTick,ns,4239125.000000
2509177239964458,SystemManagerTick,ExecuteTick,ns,2167.000000
2509177254573375,SystemManagerTick,ExecuteTick,ns,4186292.000000
2509177261861750,SystemManagerTick,ExecuteTick,ns,2250.000000
2509177278529041,SystemManagerTick,ExecuteTick,ns,4159084.000000
2509177285848333,SystemManagerTick,ExecuteTick,ns,2375.000000
2509177300569708,SystemManagerTick,ExecuteTick,ns,3622958.000000
2509177308559958,SystemManagerTick,ExecuteTick,ns,2000.000000
2509177323851500,SystemManagerTick,ExecuteTick,ns,3597208.000000
2509177331866083,SystemManagerTick,ExecuteTick,ns,1750.000000
2509177348497083,SystemManagerTick,ExecuteTick,ns,4251417.000000
2509177355700541,SystemManagerTick,ExecuteTick,ns,1750.000000
2509177371905250,SystemManagerTick,ExecuteTick,ns,3698292.000000
2509177379791458,SystemManagerTick,ExecuteTick,ns,1167.000000
2509177396596791,SystemManagerTick,ExecuteTick,ns,4287500.000000
2509177403750291,SystemManagerTick,ExecuteTick,ns,2000.000000
2509177420552333,SystemManagerTick,ExecuteTick,ns,4291166.000000
2509177427709791,SystemManagerTick,ExecuteTick,ns,2042.000000
2509177442014916,SystemManagerTick,ExecuteTick,ns,4173958.000000
2509177448093291,SystemManagerTick,ExecuteTick,ns,1542.000000
2509177464300041,SystemManagerTick,ExecuteTick,ns,3698042.000000
2509177472196250,SystemManagerTick,ExecuteTick,ns,1792.000000
2509177487616208,SystemManagerTick,ExecuteTick,ns,4303417.000000
2509177494762666,SystemManagerTick,ExecuteTick,ns,1916.000000
2509177510031791,SystemManagerTick,ExecuteTick,ns,3622708.000000
2509177518028583,SystemManagerTick,ExecuteTick,ns,2000.000000
2509177534687000,SystemManagerTick,ExecuteTick,ns,4242875.000000
2509177541912708,SystemManagerTick,ExecuteTick,ns,2584.000000
2509177558589916,SystemManagerTick,ExecuteTick,ns,4174375.000000
2509177565895833,SystemManagerTick,ExecuteTick,ns,1083.000000
2509177581867250,SystemManagerTick,ExecuteTick,ns,4286208.000000
2509177589027375,SystemManagerTick,ExecuteTick,ns,1750.000000
2509177604017083,SystemManagerTick,ExecuteTick,ns,4166291.000000
2509177611326958,SystemManagerTick,ExecuteTick,ns,2000.000000
2509177627838166,SystemManagerTick,ExecuteTick,ns,3999917.000000
2509177635348916,SystemManagerTick,ExecuteTick,ns,1625.000000
2509177652019416,SystemManagerTick,ExecuteTick,ns,4160042.000000
2509177659328750,SystemManagerTick,ExecuteTick,ns,3791.000000
2509177676184333,SystemManagerTick,ExecuteTick,ns,4347375.000000
2509177683278458,SystemManagerTick,ExecuteTick,ns,1584.000000
2509177699376875,SystemManagerTick,ExecuteTick,ns,4203041.000000
2509177706631291,SystemManagerTick,ExecuteTick,ns,2250.000000
2509177723260125,SystemManagerTick,ExecuteTick,ns,4209875.000000
2509177730517750,SystemManagerTick,ExecuteTick,ns,1375.000000
2509177746723000,SystemManagerTick,ExecuteTick,ns,3693791.000000
2509177754620666,SystemManagerTick,ExecuteTick,ns,1750.000000
2509177770808083,SystemManagerTick,ExecuteTick,ns,4297875.000000
2509177777953375,SystemManagerTick,ExecuteTick,ns,1792.000000
2509177793069250,SystemManagerTick,ExecuteTick,ns,3611625.000000
2509177801064791,SystemManagerTick,ExecuteTick,ns,1791.000000
2509177817793916,SystemManagerTick,ExecuteTick,ns,4225000.000000
2509177825023125,SystemManagerTick,ExecuteTick,ns,1625.000000
2509177841149583,SystemManagerTick,ExecuteTick,ns,3609000.000000
2509177849159125,SystemManagerTick,ExecuteTick,ns,1416.000000
2509177863667083,SystemManagerTick,ExecuteTick,ns,3699834.000000
2509177871604041,SystemManagerTick,ExecuteTick,ns,2083.000000
2509177888732833,SystemManagerTick,ExecuteTick,ns,4625625.000000
2509177895457458,SystemManagerTick,ExecuteTick,ns,541.000000
2509177911898833,SystemManagerTick,ExecuteTick,ns,3922875.000000
2509177919502833,SystemManagerTick,ExecuteTick,ns,1083.000000
2509177935734250,SystemManagerTick,ExecuteTick,ns,4534750.000000
2509177942577000,SystemManagerTick,ExecuteTick,ns,1000.000000
2509177958496958,SystemManagerTick,ExecuteTick,ns,3977708.000000
2509177966042250,SystemManagerTick,ExecuteTick,ns,1000.000000
2509177982530500,SystemManagerTick,ExecuteTick,ns,4017375.000000
2509177990029833,SystemManagerTick,ExecuteTick,ns,1708.000000
2509178006881791,SystemManagerTick,ExecuteTick,ns,4344375.000000
2509178013975125,SystemManagerTick,ExecuteTick,ns,4958.000000
2509178030918416,SystemManagerTick,ExecuteTick,ns,4436750.000000
2509178037903541,SystemManagerTick,ExecuteTick,ns,2708.000000
2509178054887500,SystemManagerTick,ExecuteTick,ns,4461083.000000
2509178061830208,SystemManagerTick,ExecuteTick,ns,1333.000000
2509178078909291,SystemManagerTick,ExecuteTick,ns,5214250.000000
2509178084910750,SystemManagerTick,ExecuteTick,ns,1042.000000
2509178101272750,SystemManagerTick,ExecuteTick,ns,5088333.000000
2509178107131125,SystemManagerTick,ExecuteTick,ns,1084.000000
2509178124029875,SystemManagerTick,ExecuteTick,ns,4431334.000000
2509178131009875,SystemManagerTick,ExecuteTick,ns,1291.000000
2509178146641375,SystemManagerTick,ExecuteTick,ns,5111917.000000
2509178152770708,SystemManagerTick,ExecuteTick,ns,1333.000000
2509178169627708,SystemManagerTick,ExecuteTick,ns,4349000.000000
2509178176700375,SystemManagerTick,ExecuteTick,ns,875.000000
2509178193237333,SystemManagerTick,ExecuteTick,ns,5456416.000000
2509178198941250,SystemManagerTick,ExecuteTick,ns,1208.000000
2509178213706666,SystemManagerTick,ExecuteTick,ns,4675292.000000
2509178220388375,SystemManagerTick,ExecuteTick,ns,1542.000000
2509178236692125,SystemManagerTick,ExecuteTick,ns,4999083.000000
2509178242951625,SystemManagerTick,ExecuteTick,ns,1000.000000
2509178260362583,SystemManagerTick,ExecuteTick,ns,5161084.000000
2509178266005458,SystemManagerTick,ExecuteTick,ns,1125.000000
2509178283575625,SystemManagerTick,ExecuteTick,ns,5062750.000000
2509178289769166,SystemManagerTick,ExecuteTick,ns,1625.000000
2509178304896875,SystemManagerTick,ExecuteTick,ns,5056625.000000
2509178311095666,SystemManagerTick,ExecuteTick,ns,1500.000000
2509178326518541,SystemManagerTick,ExecuteTick,ns,4222958.000000
2509178333753291,SystemManagerTick,ExecuteTick,ns,2000.000000
2509178349253083,SystemManagerTick,ExecuteTick,ns,4629417.000000
2509178355981791,SystemManagerTick,ExecuteTick,ns,1958.000000
2509178372539625,SystemManagerTick,ExecuteTick,ns,4051417.000000
2509178380002416,SystemManagerTick,ExecuteTick,ns,1417.000000
2509178396539541,SystemManagerTick,ExecuteTick,ns,4029667.000000
2509178404025458,SystemManagerTick,ExecuteTick,ns,2125.000000
2509178420814500,SystemManagerTick,ExecuteTick,ns,4310958.000000
2509178427931750,SystemManagerTick,ExecuteTick,ns,958.000000
2509178443132125,SystemManagerTick,ExecuteTick,ns,3973084.000000
2509178450676458,SystemManagerTick,ExecuteTick,ns,875.000000
2509178465962958,SystemManagerTick,ExecuteTick,ns,4593417.000000
2509178472744166,SystemManagerTick,ExecuteTick,ns,1334.000000
2509178488097500,SystemManagerTick,ExecuteTick,ns,4046083.000000
2509178495563083,SystemManagerTick,ExecuteTick,ns,1375.000000
2509178509583708,SystemManagerTick,ExecuteTick,ns,3999375.000000
2509178517094500,SystemManagerTick,ExecuteTick,ns,750.000000
2509178533853916,SystemManagerTick,ExecuteTick,ns,4769459.000000
2509178540417166,SystemManagerTick,ExecuteTick,ns,5042.000000
2509178557784875,SystemManagerTick,ExecuteTick,ns,4866500.000000
2509178564222375,SystemManagerTick,ExecuteTick,ns,1208.000000
2509178581742250,SystemManagerTick,ExecuteTick,ns,5010042.000000
2509178587989833,SystemManagerTick,ExecuteTick,ns,1250.000000
2509178604608500,SystemManagerTick,ExecuteTick,ns,4104375.000000
2509178612009791,SystemManagerTick,ExecuteTick,ns,2375.000000
2509178626542875,SystemManagerTick,ExecuteTick,ns,4160417.000000
2509178633852000,SystemManagerTick,ExecuteTick,ns,1417.000000
2509178649338083,SystemManagerTick,ExecuteTick,ns,4248708.000000
2509178656549708,SystemManagerTick,ExecuteTick,ns,1542.000000
2509178671514250,SystemManagerTick,ExecuteTick,ns,3753792.000000
2509178679346500,SystemManagerTick,ExecuteTick,ns,1542.000000
2509178694041875,SystemManagerTick,ExecuteTick,ns,3819667.000000
2509178700336541,SystemManagerTick,ExecuteTick,ns,1750.000000
2509178716809750,SystemManagerTick,ExecuteTick,ns,3970417.000000
2509178724366083,SystemManagerTick,ExecuteTick,ns,1750.000000
2509178740138250,SystemManagerTick,ExecuteTick,ns,4703458.000000
2509178746778875,SystemManagerTick,ExecuteTick,ns,1375.000000
2509178763280125,SystemManagerTick,ExecuteTick,ns,3990125.000000
2509178770815291,SystemManagerTick,ExecuteTick,ns,1084.000000
2509178788018125,SystemManagerTick,ExecuteTick,ns,4686083.000000
2509178794686625,SystemManagerTick,ExecuteTick,ns,1542.000000
2509178811134875,SystemManagerTick,ExecuteTick,ns,3940042.000000
2509178818727875,SystemManagerTick,ExecuteTick,ns,2167.000000
2509178834875833,SystemManagerTick,ExecuteTick,ns,4436166.000000
2509178840981791,SystemManagerTick,ExecuteTick,ns,1750.000000
2509178857426958,SystemManagerTick,ExecuteTick,ns,3936292.000000
2509178865029000,SystemManagerTick,ExecuteTick,ns,1458.000000
2509178881198125,SystemManagerTick,ExecuteTick,ns,3661458.000000
2509178889140583,SystemManagerTick,ExecuteTick,ns,1750.000000
2509178905877500,SystemManagerTick,ExecuteTick,ns,4229833.000000
2509178913109833,SystemManagerTick,ExecuteTick,ns,1375.000000
2509178927872041,SystemManagerTick,ExecuteTick,ns,4177417.000000
2509178935167708,SystemManagerTick,ExecuteTick,ns,2625.000000
2509178949347250,SystemManagerTick,ExecuteTick,ns,4110708.000000
2509178956726625,SystemManagerTick,ExecuteTick,ns,2000.000000
2509178972857916,SystemManagerTick,ExecuteTick,ns,3625917.000000
2509178980876125,SystemManagerTick,ExecuteTick,ns,1833.000000
2509178997691333,SystemManagerTick,ExecuteTick,ns,4311125.000000
2509179004823125,SystemManagerTick,ExecuteTick,ns,2292.000000
2509179020979625,SystemManagerTick,ExecuteTick,ns,3646458.000000
2509179028942750,SystemManagerTick,ExecuteTick,ns,1875.000000
2509179043186416,SystemManagerTick,ExecuteTick,ns,4135208.000000
2509179050351833,SystemManagerTick,ExecuteTick,ns,875.000000
2509179066501791,SystemManagerTick,ExecuteTick,ns,3642917.000000
2509179074472583,SystemManagerTick,ExecuteTick,ns,1875.000000
2509179089868625,SystemManagerTick,ExecuteTick,ns,4456917.000000
2509179096817500,SystemManagerTick,ExecuteTick,ns,1625.000000
2509179112025958,SystemManagerTick,ExecuteTick,ns,3920625.000000
2509179119631916,SystemManagerTick,ExecuteTick,ns,750.000000
2509179134990250,SystemManagerTick,ExecuteTick,ns,4572834.000000
2509179141780958,SystemManagerTick,ExecuteTick,ns,916.000000
2509179156873583,SystemManagerTick,ExecuteTick,ns,4016334.000000
2509179164371375,SystemManagerTick,ExecuteTick,ns,1541.000000
2509179179461291,SystemManagerTick,ExecuteTick,ns,3903959.000000
2509179187092541,SystemManagerTick,ExecuteTick,ns,1250.000000
2509179202368083,SystemManagerTick,ExecuteTick,ns,4534875.000000
2509179209206625,SystemManagerTick,ExecuteTick,ns,1167.000000
2509179224018625,SystemManagerTick,ExecuteTick,ns,3650834.000000
2509179231978250,SystemManagerTick,ExecuteTick,ns,1667.000000
2509179248517208,SystemManagerTick,ExecuteTick,ns,4276083.000000
2509179255689750,SystemManagerTick,ExecuteTick,ns,1833.000000
2509179271852416,SystemManagerTick,ExecuteTick,ns,3648834.000000
2509179279820208,SystemManagerTick,ExecuteTick,ns,1375.000000
2509179295537000,SystemManagerTick,ExecuteTick,ns,4268708.000000
2509179302722875,SystemManagerTick,ExecuteTick,ns,2375.000000
2509179317644666,SystemManagerTick,ExecuteTick,ns,3660542.000000
2509179325577875,SystemManagerTick,ExecuteTick,ns,4458.000000
2509179339607291,SystemManagerTick,ExecuteTick,ns,3704666.000000
2509179347496791,SystemManagerTick,ExecuteTick,ns,1917.000000
2509179361950875,SystemManagerTick,ExecuteTick,ns,4188917.000000
2509179369235916,SystemManagerTick,ExecuteTick,ns,2292.000000
2509179385085166,SystemManagerTick,ExecuteTick,ns,3624333.000000
2509179393072458,SystemManagerTick,ExecuteTick,ns,2167.000000
2509179409765500,SystemManagerTick,ExecuteTick,ns,4172375.000000
2509179417067458,SystemManagerTick,ExecuteTick,ns,1625.000000
2509179433449333,SystemManagerTick,ExecuteTick,ns,4010083.000000
2509179440958541,SystemManagerTick,ExecuteTick,ns,1625.000000
2509179455292208,SystemManagerTick,ExecuteTick,ns,4297041.000000
2509179462432875,SystemManagerTick,ExecuteTick,ns,2083.000000
2509179479103958,SystemManagerTick,ExecuteTick,ns,4164916.000000
2509179485906333,SystemManagerTick,ExecuteTick,ns,2000.000000
2509179500175583,SystemManagerTick,ExecuteTick,ns,4173292.000000
2509179507480541,SystemManagerTick,ExecuteTick,ns,1917.000000
2509179523955500,SystemManagerTick,ExecuteTick,ns,4252375.000000
2509179531160291,SystemManagerTick,ExecuteTick,ns,1458.000000
2509179547785375,SystemManagerTick,ExecuteTick,ns,4346917.000000
2509179554860250,SystemManagerTick,ExecuteTick,ns,1500.000000
2509179571685041,SystemManagerTick,ExecuteTick,ns,4311000.000000
2509179578820583,SystemManagerTick,ExecuteTick,ns,1625.000000
2509179595415875,SystemManagerTick,ExecuteTick,ns,4180083.000000
2509179602712125,SystemManagerTick,ExecuteTick,ns,2416.000000
2509179616945041,SystemManagerTick,ExecuteTick,ns,4178833.000000
2509179624242625,SystemManagerTick,ExecuteTick,ns,2458.000000
2509179639853375,SystemManagerTick,ExecuteTick,ns,3866542.000000
2509179647538000,SystemManagerTick,ExecuteTick,ns,1708.000000
2509179662172458,SystemManagerTick,ExecuteTick,ns,4278709.000000
2509179669238458,SystemManagerTick,ExecuteTick,ns,1916.000000
2509179684309625,SystemManagerTick,ExecuteTick,ns,3576833.000000
2509179692348250,SystemManagerTick,ExecuteTick,ns,1417.000000
2509179708426333,SystemManagerTick,ExecuteTick,ns,3570833.000000
2509179716484208,SystemManagerTick,ExecuteTick,ns,1709.000000
2509179733105708,SystemManagerTick,ExecuteTick,ns,4108709.000000
2509648873846666,SystemManagerTick,ExecuteTick,ns,7000.000000
2509648886350125,SystemManagerTick,ExecuteTick,ns,2792.000000
2509648897853541,SystemManagerTick,ExecuteTick,ns,2875.000000
2509648910370500,SystemManagerTick,ExecuteTick,ns,4625.000000
2509648922877875,SystemManagerTick,ExecuteTick,ns,4750.000000
2509648934245583,SystemManagerTick,ExecuteTick,ns,8375.000000
2509648946750750,SystemManagerTick,ExecuteTick,ns,4583.000000
2509648959260666,SystemManagerTick,ExecuteTick,ns,5166.000000
2509648971765625,SystemManagerTick,ExecuteTick,ns,3042.000000
2509648984279250,SystemManagerTick,ExecuteTick,ns,4750.000000
2509648996176250,SystemManagerTick,ExecuteTick,ns,3959.000000
2509649006668791,SystemManagerTick,ExecuteTick,ns,29834.000000
2509649019167125,SystemManagerTick,ExecuteTick,ns,5959.000000
2509649031627750,SystemManagerTick,ExecuteTick,ns,3833.000000
2509649044155625,SystemManagerTick,ExecuteTick,ns,5625.000000
2509649054497083,SystemManagerTick,ExecuteTick,ns,4750.000000
2509649064557041,SystemManagerTick,ExecuteTick,ns,4541.000000
2509649077073083,SystemManagerTick,ExecuteTick,ns,4417.000000
2509649089598041,SystemManagerTick,ExecuteTick,ns,3208.000000
2509649101621291,SystemManagerTick,ExecuteTick,ns,5083.000000
2509649113642291,SystemManagerTick,ExecuteTick,ns,3917.000000
2509649125109833,SystemManagerTick,ExecuteTick,ns,8292.000000
2509649137618458,SystemManagerTick,ExecuteTick,ns,3416.000000
2509649150150041,SystemManagerTick,ExecuteTick,ns,5000.000000
2509649162662500,SystemManagerTick,ExecuteTick,ns,3167.000000
2509649172897083,SystemManagerTick,ExecuteTick,ns,3750.000000
2509649183057833,SystemManagerTick,ExecuteTick,ns,4625.000000
2509649195567333,SystemManagerTick,ExecuteTick,ns,4125.000000
2509649205889708,SystemManagerTick,ExecuteTick,ns,4083.000000
2509649218414625,SystemManagerTick,ExecuteTick,ns,5791.000000
2509649230943041,SystemManagerTick,ExecuteTick,ns,4834.000000
2509649243461333,SystemManagerTick,ExecuteTick,ns,6125.000000
2509649255974500,SystemManagerTick,ExecuteTick,ns,4541.000000
2509649268488958,SystemManagerTick,ExecuteTick,ns,5416.000000
2509649279475500,SystemManagerTick,ExecuteTick,ns,4875.000000
2509649292007875,SystemManagerTick,ExecuteTick,ns,7750.000000
2509649304516791,SystemManagerTick,ExecuteTick,ns,3250.000000
2509649314554458,SystemManagerTick,ExecuteTick,ns,5125.000000
2509649327069625,SystemManagerTick,ExecuteTick,ns,5792.000000
2509649339563250,SystemManagerTick,ExecuteTick,ns,4708.000000
2509649351628625,SystemManagerTick,ExecuteTick,ns,5833.000000
2509649364141041,SystemManagerTick,ExecuteTick,ns,5041.000000
2509649375317041,SystemManagerTick,ExecuteTick,ns,7834.000000
2509649385460375,SystemManagerTick,ExecuteTick,ns,4209.000000
2509649397889708,SystemManagerTick,ExecuteTick,ns,4291.000000
2509649410426750,SystemManagerTick,ExecuteTick,ns,7375.000000
2509649422896708,SystemManagerTick,ExecuteTick,ns,3792.000000
2509649433569250,SystemManagerTick,ExecuteTick,ns,6333.000000
2509649446082333,SystemManagerTick,ExecuteTick,ns,4875.000000
2509649456224416,SystemManagerTick,ExecuteTick,ns,7375.000000
2509649468732875,SystemManagerTick,ExecuteTick,ns,5042.000000
2509649481260375,SystemManagerTick,ExecuteTick,ns,6667.000000
2509649493182083,SystemManagerTick,ExecuteTick,ns,7542.000000
2509649504506750,SystemManagerTick,ExecuteTick,ns,5541.000000
2509649514559958,SystemManagerTick,ExecuteTick,ns,4292.000000
2509649527079000,SystemManagerTick,ExecuteTick,ns,8250.000000
2509649539577833,SystemManagerTick,ExecuteTick,ns,18250.000000
2509649552071666,SystemManagerTick,ExecuteTick,ns,4792.000000
2509649563623375,SystemManagerTick,ExecuteTick,ns,6416.000000
2509649574739625,SystemManagerTick,ExecuteTick,ns,7750.000000
2509649587245541,SystemManagerTick,ExecuteTick,ns,4792.000000
2509649597879416,SystemManagerTick,ExecuteTick,ns,5583.000000
2509649609862958,SystemManagerTick,ExecuteTick,ns,24625.000000
2509649622202916,SystemManagerTick,ExecuteTick,ns,3792.000000
2509649633520541,SystemManagerTick,ExecuteTick,ns,4875.000000
2509649646031916,SystemManagerTick,ExecuteTick,ns,4125.000000
2509649656246125,SystemManagerTick,ExecuteTick,ns,22375.000000
2509649668734083,SystemManagerTick,ExecuteTick,ns,5458.000000
2509649681233541,SystemManagerTick,ExecuteTick,ns,5583.000000
2509661612294083,SystemManagerTick,ExecuteTick,ns,4500.000000
2509661624818583,SystemManagerTick,ExecuteTick,ns,8542.000000
2509661637324833,SystemManagerTick,ExecuteTick,ns,4208.000000
2509661649551958,SystemManagerTick,ExecuteTick,ns,6084.000000
2509661661864416,SystemManagerTick,ExecuteTick,ns,6083.000000
2509661674384250,SystemManagerTick,ExecuteTick,ns,5750.000000
2509661686894875,SystemManagerTick,ExecuteTick,ns,3833.000000
2509661697971708,SystemManagerTick,ExecuteTick,ns,3375.000000
2509661710236416,SystemManagerTick,ExecuteTick,ns,5584.000000
2509661722752208,SystemManagerTick,ExecuteTick,ns,3375.000000
2509661735264125,SystemManagerTick,ExecuteTick,ns,4209.000000
2509661747786458,SystemManagerTick,ExecuteTick,ns,4125.000000
2509661760311625,SystemManagerTick,ExecuteTick,ns,7458.000000
2509661772821458,SystemManagerTick,ExecuteTick,ns,4208.000000
2509661785334791,SystemManagerTick,ExecuteTick,ns,3709.000000
2509661797872291,SystemManagerTick,ExecuteTick,ns,7041.000000
2509661810391916,SystemManagerTick,ExecuteTick,ns,4959.000000
2509661822894208,SystemManagerTick,ExecuteTick,ns,4750.000000
2509661835021916,SystemManagerTick,ExecuteTick,ns,5000.000000
2509661847543083,SystemManagerTick,ExecuteTick,ns,2875.000000
2509661860074500,SystemManagerTick,ExecuteTick,ns,8791.000000
2509661872589958,SystemManagerTick,ExecuteTick,ns,4666.000000
2509661884895875,SystemManagerTick,ExecuteTick,ns,4708.000000
2509661895065833,SystemManagerTick,ExecuteTick,ns,5250.000000
2509661907596541,SystemManagerTick,ExecuteTick,ns,5209.000000
2509661920106208,SystemManagerTick,ExecuteTick,ns,3750.000000
2509661930274416,SystemManagerTick,ExecuteTick,ns,4833.000000
2509661940433291,SystemManagerTick,ExecuteTick,ns,5334.000000
2509661952946000,SystemManagerTick,ExecuteTick,ns,4334.000000
2509661964633208,SystemManagerTick,ExecuteTick,ns,8416.000000
2509661975487250,SystemManagerTick,ExecuteTick,ns,8042.000000
2509661987998916,SystemManagerTick,ExecuteTick,ns,4375.000000
2509661999217833,SystemManagerTick,ExecuteTick,ns,3958.000000
2509662011016208,SystemManagerTick,ExecuteTick,ns,7292.000000
2509662022969083,SystemManagerTick,ExecuteTick,ns,11250.000000
2509662033667041,SystemManagerTick,ExecuteTick,ns,7958.000000
2509662046175041,SystemManagerTick,ExecuteTick,ns,5042.000000
2509662056442625,SystemManagerTick,ExecuteTick,ns,3625.000000
2509662068953666,SystemManagerTick,ExecuteTick,ns,4084.000000
2509662081472125,SystemManagerTick,ExecuteTick,ns,5375.000000
2509662093996250,SystemManagerTick,ExecuteTick,ns,7917.000000
2509662106590083,SystemManagerTick,ExecuteTick,ns,74792.000000
2509662116798625,SystemManagerTick,ExecuteTick,ns,4459.000000
2509662129303666,SystemManagerTick,ExecuteTick,ns,2708.000000
2509662139622541,SystemManagerTick,ExecuteTick,ns,2917.000000
2509662151727333,SystemManagerTick,ExecuteTick,ns,2708.000000
2509662164237458,SystemManagerTick,ExecuteTick,ns,2292.000000
2509662174389291,SystemManagerTick,ExecuteTick,ns,6625.000000
2509662185015583,SystemManagerTick,ExecuteTick,ns,2208.000000
2509662197538083,SystemManagerTick,ExecuteTick,ns,4375.000000
2509662209712375,SystemManagerTick,ExecuteTick,ns,3042.000000
2509662222234083,SystemManagerTick,ExecuteTick,ns,6459.000000
2509662234740791,SystemManagerTick,ExecuteTick,ns,2917.000000
2509662246026083,SystemManagerTick,ExecuteTick,ns,3166.000000
2509662258506625,SystemManagerTick,ExecuteTick,ns,27500.000000
2509662270991416,SystemManagerTick,ExecuteTick,ns,3958.000000
2509662281441458,SystemManagerTick,ExecuteTick,ns,5167.000000
2509662293941208,SystemManagerTick,ExecuteTick,ns,5708.000000
2509662306460166,SystemManagerTick,ExecuteTick,ns,7583.000000
2509662318970458,SystemManagerTick,ExecuteTick,ns,4625.000000
2509662331293000,SystemManagerTick,ExecuteTick,ns,4416.000000
2509662343806875,SystemManagerTick,ExecuteTick,ns,4333.000000
2509662354807666,SystemManagerTick,ExecuteTick,ns,4500.000000
2509662364955166,SystemManagerTick,ExecuteTick,ns,3916.000000
2509662377472083,SystemManagerTick,ExecuteTick,ns,5458.000000
2509662389639416,SystemManagerTick,ExecuteTick,ns,5459.000000
2509662402151500,SystemManagerTick,ExecuteTick,ns,6042.000000
2509662414684958,SystemManagerTick,ExecuteTick,ns,4500.000000
2509662427201208,SystemManagerTick,ExecuteTick,ns,8542.000000
2509662438149125,SystemManagerTick,ExecuteTick,ns,5708.000000
2509662450611875,SystemManagerTick,ExecuteTick,ns,6916.000000
2509662463014500,SystemManagerTick,ExecuteTick,ns,9833.000000
2509662473590375,SystemManagerTick,ExecuteTick,ns,7916.000000
2509662486108750,SystemManagerTick,ExecuteTick,ns,6625.000000
2509662497880375,SystemManagerTick,ExecuteTick,ns,5334.000000
2509662508057333,SystemManagerTick,ExecuteTick,ns,8417.000000
2509662520564333,SystemManagerTick,ExecuteTick,ns,3583.000000
2509662533077041,SystemManagerTick,ExecuteTick,ns,4750.000000
2509662543546083,SystemManagerTick,ExecuteTick,ns,6250.000000
2509662553676708,SystemManagerTick,ExecuteTick,ns,4250.000000
2509662564614791,SystemManagerTick,ExecuteTick,ns,4041.000000
2509662576406625,SystemManagerTick,ExecuteTick,ns,11208.000000
2509670524708375,SystemManagerTick,ExecuteTick,ns,4000.000000
2509670537213416,SystemManagerTick,ExecuteTick,ns,2875.000000
2509670549722750,SystemManagerTick,ExecuteTick,ns,2958.000000
2509670560035416,SystemManagerTick,ExecuteTick,ns,2625.000000
2509670572552625,SystemManagerTick,ExecuteTick,ns,3750.000000
2509670584807250,SystemManagerTick,ExecuteTick,ns,3083.000000
2509670597346875,SystemManagerTick,ExecuteTick,ns,3166.000000
2509670609385875,SystemManagerTick,ExecuteTick,ns,5000.000000
2509670621892083,SystemManagerTick,ExecuteTick,ns,2125.000000
2509670633175541,SystemManagerTick,ExecuteTick,ns,23166.000000
2509670645684875,SystemManagerTick,ExecuteTick,ns,5791.000000
2509670657359333,SystemManagerTick,ExecuteTick,ns,3000.000000
2509670669888583,SystemManagerTick,ExecuteTick,ns,6459.000000
2509670680196708,SystemManagerTick,ExecuteTick,ns,4000.000000
2509670691589583,SystemManagerTick,ExecuteTick,ns,5625.000000
2509670704095000,SystemManagerTick,ExecuteTick,ns,4291.000000
2509670714646791,SystemManagerTick,ExecuteTick,ns,4708.000000
2509670725315541,SystemManagerTick,ExecuteTick,ns,5125.000000
2509670735607500,SystemManagerTick,ExecuteTick,ns,3792.000000
2509670747984458,SystemManagerTick,ExecuteTick,ns,5959.000000
2509670760498333,SystemManagerTick,ExecuteTick,ns,6041.000000
2509670773017250,SystemManagerTick,ExecuteTick,ns,2792.000000
2509670785525708,SystemManagerTick,ExecuteTick,ns,4083.000000
2509670797989875,SystemManagerTick,ExecuteTick,ns,4333.000000
2509670809802333,SystemManagerTick,ExecuteTick,ns,6542.000000
2509670822325666,SystemManagerTick,ExecuteTick,ns,3791.000000
2509670834832375,SystemManagerTick,ExecuteTick,ns,3917.000000
2509670847054291,SystemManagerTick,ExecuteTick,ns,2875.000000
2509670857859000,SystemManagerTick,ExecuteTick,ns,5083.000000
2509670868003666,SystemManagerTick,ExecuteTick,ns,6292.000000
2509670880524541,SystemManagerTick,ExecuteTick,ns,13833.000000
2509670892920541,SystemManagerTick,ExecuteTick,ns,5416.000000
2509670905434041,SystemManagerTick,ExecuteTick,ns,4625.000000
2509670917944500,SystemManagerTick,ExecuteTick,ns,4750.000000
2509670930469125,SystemManagerTick,ExecuteTick,ns,3917.000000
2509670942994791,SystemManagerTick,ExecuteTick,ns,7083.000000
2509670955503291,SystemManagerTick,ExecuteTick,ns,3500.000000
2509670968016000,SystemManagerTick,ExecuteTick,ns,5208.000000
2509670980530125,SystemManagerTick,ExecuteTick,ns,2875.000000
2509670991570375,SystemManagerTick,ExecuteTick,ns,3917.000000
2509671004079583,SystemManagerTick,ExecuteTick,ns,3958.000000
2509671016421125,SystemManagerTick,ExecuteTick,ns,3125.000000
2509671028929708,SystemManagerTick,ExecuteTick,ns,2667.000000
2509671039659166,SystemManagerTick,ExecuteTick,ns,4459.000000
2509671052163625,SystemManagerTick,ExecuteTick,ns,3875.000000
2509671063724500,SystemManagerTick,ExecuteTick,ns,3583.000000
2509671074832875,SystemManagerTick,ExecuteTick,ns,3208.000000
2509671087336583,SystemManagerTick,ExecuteTick,ns,2042.000000
2509671099843416,SystemManagerTick,ExecuteTick,ns,2041.000000
2509671112352750,SystemManagerTick,ExecuteTick,ns,2500.000000
2509671124369166,SystemManagerTick,ExecuteTick,ns,2917.000000
2509671136873500,SystemManagerTick,ExecuteTick,ns,2417.000000
2509671147986666,SystemManagerTick,ExecuteTick,ns,2625.000000
2509671158223541,SystemManagerTick,ExecuteTick,ns,3750.000000
2509671169315791,SystemManagerTick,ExecuteTick,ns,3125.000000
2509671181836708,SystemManagerTick,ExecuteTick,ns,2542.000000
2509671194350458,SystemManagerTick,ExecuteTick,ns,3958.000000
2509671206319333,SystemManagerTick,ExecuteTick,ns,3750.000000
2509671217178750,SystemManagerTick,ExecuteTick,ns,3000.000000
2509671229683125,SystemManagerTick,ExecuteTick,ns,2459.000000
2509671239981375,SystemManagerTick,ExecuteTick,ns,3625.000000
2509671252503125,SystemManagerTick,ExecuteTick,ns,3625.000000
2509671264657416,SystemManagerTick,ExecuteTick,ns,3417.000000
2509671277168666,SystemManagerTick,ExecuteTick,ns,2792.000000
2509671289684875,SystemManagerTick,ExecuteTick,ns,3084.000000
